dataset,market,ins_id,rows,file_path,fetched_at,source
prices,NO,862,2509,prices__NO__862.parquet,2026-02-20T08:37:23.636157+00:00,api
prices,NO,863,2509,prices__NO__863.parquet,2026-02-20T08:37:23.636157+00:00,api
prices,NO,864,2510,prices__NO__864.parquet,2026-02-20T08:37:23.636157+00:00,api
prices,NO,866,2510,prices__NO__866.parquet,2026-02-20T08:37:23.636157+00:00,api
prices,NO,867,2510,prices__NO__867.parquet,2026-02-20T08:37:23.636157+00:00,api
prices,NO,868,2510,prices__NO__868.parquet,2026-02-20T08:37:23.636157+00:00,api
prices,NO,869,2510,prices__NO__869.parquet,2026-02-20T08:37:23.636157+00:00,api
prices,NO,870,2510,prices__NO__870.parquet,2026-02-20T08:37:23.636157+00:00,api
prices,NO,871,2510,prices__NO__871.parquet,2026-02-20T08:37:23.636157+00:00,api
prices,NO,872,2510,prices__NO__872.parquet,2026-02-20T08:37:23.636157+00:00,api
prices,NO,873,2510,prices__NO__873.parquet,2026-02-20T08:37:23.636157+00:00,api
prices,NO,884,2519,prices__NO__884.parquet,2026-02-20T08:37:23.636157+00:00,api
prices,NO,885,2519,prices__NO__885.parquet,2026-02-20T08:37:23.636157+00:00,api
prices,NO,886,2519,prices__NO__886.parquet,2026-02-20T08:37:23.636157+00:00,api
prices,NO,887,2519,prices__NO__887.parquet,2026-02-20T08:37:23.636157+00:00,api
prices,NO,888,2519,prices__NO__888.parquet,2026-02-20T08:37:23.636157+00:00,api
prices,NO,895,2519,prices__NO__895.parquet,2026-02-20T08:37:23.636157+00:00,api
prices,NO,896,2519,prices__NO__896.parquet,2026-02-20T08:37:23.636157+00:00,api
prices,NO,897,2519,prices__NO__897.parquet,2026-02-20T08:37:23.636157+00:00,api
prices,NO,898,2519,prices__NO__898.parquet,2026-02-20T08:37:23.636157+00:00,api
prices,NO,904,2519,prices__NO__904.parquet,2026-02-20T08:37:23.636157+00:00,api
prices,NO,944,2519,prices__NO__944.parquet,2026-02-20T08:37:23.636157+00:00,api
prices,NO,945,2519,prices__NO__945.parquet,2026-02-20T08:37:23.636157+00:00,api
prices,NO,957,2519,prices__NO__957.parquet,2026-02-20T08:37:23.636157+00:00,api
prices,NO,958,2519,prices__NO__958.parquet,2026-02-20T08:37:23.636157+00:00,api
prices,NO,959,2519,prices__NO__959.parquet,2026-02-20T08:37:23.636157+00:00,api
prices,NO,961,2519,prices__NO__961.parquet,2026-02-20T08:37:23.636157+00:00,api
prices,NO,964,2519,prices__NO__964.parquet,2026-02-20T08:37:23.636157+00:00,api
prices,NO,965,2519,prices__NO__965.parquet,2026-02-20T08:37:23.636157+00:00,api
prices,NO,966,2519,prices__NO__966.parquet,2026-02-20T08:37:23.636157+00:00,api
prices,NO,967,2519,prices__NO__967.parquet,2026-02-20T08:37:23.636157+00:00,api
prices,NO,969,2519,prices__NO__969.parquet,2026-02-20T08:37:23.636157+00:00,api
prices,NO,973,2519,prices__NO__973.parquet,2026-02-20T08:37:23.636157+00:00,api
prices,NO,974,2519,prices__NO__974.parquet,2026-02-20T08:37:23.636157+00:00,api
prices,NO,976,2519,prices__NO__976.parquet,2026-02-20T08:37:23.636157+00:00,api
prices,NO,1006,2519,prices__NO__1006.parquet,2026-02-20T08:37:23.636157+00:00,api
prices,NO,1007,2519,prices__NO__1007.parquet,2026-02-20T08:37:23.636157+00:00,api
prices,NO,1008,2519,prices__NO__1008.parquet,2026-02-20T08:37:23.636157+00:00,api
prices,NO,1009,2518,prices__NO__1009.parquet,2026-02-20T08:37:23.636157+00:00,api
prices,NO,1020,2519,prices__NO__1020.parquet,2026-02-20T08:37:23.636157+00:00,api
prices,NO,1021,2519,prices__NO__1021.parquet,2026-02-20T08:37:23.636157+00:00,api
prices,NO,1022,2519,prices__NO__1022.parquet,2026-02-20T08:37:23.636157+00:00,api
prices,NO,1023,2519,prices__NO__1023.parquet,2026-02-20T08:37:23.636157+00:00,api
prices,NO,1024,2519,prices__NO__1024.parquet,2026-02-20T08:37:23.636157+00:00,api
prices,NO,1025,2519,prices__NO__1025.parquet,2026-02-20T08:37:23.636157+00:00,api
prices,NO,1026,2519,prices__NO__1026.parquet,2026-02-20T08:37:23.636157+00:00,api
prices,NO,1027,2519,prices__NO__1027.parquet,2026-02-20T08:37:23.636157+00:00,api
prices,NO,1028,2517,prices__NO__1028.parquet,2026-02-20T08:37:23.636157+00:00,api
prices,NO,1034,2518,prices__NO__1034.parquet,2026-02-20T08:37:23.636157+00:00,api
prices,NO,1035,2515,prices__NO__1035.parquet,2026-02-20T08:37:23.636157+00:00,api
prices,NO,1036,2518,prices__NO__1036.parquet,2026-02-20T08:37:23.636157+00:00,api
prices,NO,1037,2518,prices__NO__1037.parquet,2026-02-20T08:37:23.636157+00:00,api
prices,NO,1038,2518,prices__NO__1038.parquet,2026-02-20T08:37:23.636157+00:00,api
prices,NO,1040,2518,prices__NO__1040.parquet,2026-02-20T08:37:23.636157+00:00,api
prices,NO,1041,2518,prices__NO__1041.parquet,2026-02-20T08:37:23.636157+00:00,api
prices,NO,1042,2518,prices__NO__1042.parquet,2026-02-20T08:37:23.636157+00:00,api
prices,NO,1046,2518,prices__NO__1046.parquet,2026-02-20T08:37:23.636157+00:00,api
prices,NO,1047,2518,prices__NO__1047.parquet,2026-02-20T08:37:23.636157+00:00,api
prices,NO,1048,2518,prices__NO__1048.parquet,2026-02-20T08:37:23.636157+00:00,api
prices,NO,1049,2518,prices__NO__1049.parquet,2026-02-20T08:37:23.636157+00:00,api
prices,NO,1050,2518,prices__NO__1050.parquet,2026-02-20T08:37:23.636157+00:00,api
prices,NO,1051,2518,prices__NO__1051.parquet,2026-02-20T08:37:23.636157+00:00,api
prices,NO,1052,2518,prices__NO__1052.parquet,2026-02-20T08:37:23.636157+00:00,api
prices,NO,1056,2518,prices__NO__1056.parquet,2026-02-20T08:37:23.636157+00:00,api
prices,NO,1057,2518,prices__NO__1057.parquet,2026-02-20T08:37:23.636157+00:00,api
prices,NO,1058,2518,prices__NO__1058.parquet,2026-02-20T08:37:23.636157+00:00,api
prices,NO,1064,2518,prices__NO__1064.parquet,2026-02-20T08:37:23.636157+00:00,api
prices,NO,1065,2518,prices__NO__1065.parquet,2026-02-20T08:37:23.636157+00:00,api
prices,NO,1066,2518,prices__NO__1066.parquet,2026-02-20T08:37:23.636157+00:00,api
prices,NO,1067,2518,prices__NO__1067.parquet,2026-02-20T08:37:23.636157+00:00,api
prices,NO,1070,2518,prices__NO__1070.parquet,2026-02-20T08:37:23.636157+00:00,api
prices,NO,1071,2518,prices__NO__1071.parquet,2026-02-20T08:37:23.636157+00:00,api
prices,NO,1073,2518,prices__NO__1073.parquet,2026-02-20T08:37:23.636157+00:00,api
prices,NO,1074,2518,prices__NO__1074.parquet,2026-02-20T08:37:23.636157+00:00,api
prices,NO,1083,2518,prices__NO__1083.parquet,2026-02-20T08:37:23.636157+00:00,api
prices,NO,1084,2518,prices__NO__1084.parquet,2026-02-20T08:37:23.636157+00:00,api
prices,NO,1085,2518,prices__NO__1085.parquet,2026-02-20T08:37:23.636157+00:00,api
prices,NO,1086,2518,prices__NO__1086.parquet,2026-02-20T08:37:23.636157+00:00,api
prices,NO,1088,2518,prices__NO__1088.parquet,2026-02-20T08:37:23.636157+00:00,api
prices,NO,1089,2518,prices__NO__1089.parquet,2026-02-20T08:37:23.636157+00:00,api
prices,NO,1092,2518,prices__NO__1092.parquet,2026-02-20T08:37:23.636157+00:00,api
prices,NO,1094,2518,prices__NO__1094.parquet,2026-02-20T08:37:23.636157+00:00,api
prices,NO,1095,2518,prices__NO__1095.parquet,2026-02-20T08:37:23.636157+00:00,api
prices,NO,1096,2518,prices__NO__1096.parquet,2026-02-20T08:37:23.636157+00:00,api
prices,NO,1098,2518,prices__NO__1098.parquet,2026-02-20T08:37:23.636157+00:00,api
prices,NO,1099,2518,prices__NO__1099.parquet,2026-02-20T08:37:23.636157+00:00,api
prices,NO,1100,2518,prices__NO__1100.parquet,2026-02-20T08:37:23.636157+00:00,api
prices,NO,1102,2518,prices__NO__1102.parquet,2026-02-20T08:37:23.636157+00:00,api
prices,NO,1104,2518,prices__NO__1104.parquet,2026-02-20T08:37:23.636157+00:00,api
prices,NO,1107,2518,prices__NO__1107.parquet,2026-02-20T08:37:23.636157+00:00,api
prices,NO,1108,2518,prices__NO__1108.parquet,2026-02-20T08:37:23.636157+00:00,api
prices,NO,1109,2518,prices__NO__1109.parquet,2026-02-20T08:37:23.636157+00:00,api
prices,NO,1111,2518,prices__NO__1111.parquet,2026-02-20T08:37:23.636157+00:00,api
prices,NO,1112,2518,prices__NO__1112.parquet,2026-02-20T08:37:23.636157+00:00,api
prices,NO,1113,2518,prices__NO__1113.parquet,2026-02-20T08:37:23.636157+00:00,api
prices,NO,1114,2518,prices__NO__1114.parquet,2026-02-20T08:37:23.636157+00:00,api
prices,NO,1116,2518,prices__NO__1116.parquet,2026-02-20T08:37:23.636157+00:00,api
prices,NO,1118,2518,prices__NO__1118.parquet,2026-02-20T08:37:23.636157+00:00,api
prices,NO,1122,2518,prices__NO__1122.parquet,2026-02-20T08:37:23.636157+00:00,api
prices,NO,1126,2518,prices__NO__1126.parquet,2026-02-20T08:37:23.636157+00:00,api
prices,NO,1128,2518,prices__NO__1128.parquet,2026-02-20T08:37:23.636157+00:00,api
prices,NO,1131,2518,prices__NO__1131.parquet,2026-02-20T08:37:23.636157+00:00,api
prices,NO,1132,2518,prices__NO__1132.parquet,2026-02-20T08:37:23.636157+00:00,api
prices,NO,1133,2518,prices__NO__1133.parquet,2026-02-20T08:37:23.636157+00:00,api
prices,NO,1136,2518,prices__NO__1136.parquet,2026-02-20T08:37:23.636157+00:00,api
prices,NO,1139,2519,prices__NO__1139.parquet,2026-02-20T08:37:23.636157+00:00,api
prices,NO,1140,2518,prices__NO__1140.parquet,2026-02-20T08:37:23.636157+00:00,api
prices,NO,1141,2518,prices__NO__1141.parquet,2026-02-20T08:37:23.636157+00:00,api
prices,NO,1142,2518,prices__NO__1142.parquet,2026-02-20T08:37:23.636157+00:00,api
prices,NO,1143,2518,prices__NO__1143.parquet,2026-02-20T08:37:23.636157+00:00,api
prices,NO,1146,2518,prices__NO__1146.parquet,2026-02-20T08:37:23.636157+00:00,api
prices,NO,1148,2518,prices__NO__1148.parquet,2026-02-20T08:37:23.636157+00:00,api
prices,NO,1155,2518,prices__NO__1155.parquet,2026-02-20T08:37:23.636157+00:00,api
prices,NO,1156,2518,prices__NO__1156.parquet,2026-02-20T08:37:23.636157+00:00,api
prices,NO,1159,2518,prices__NO__1159.parquet,2026-02-20T08:37:23.636157+00:00,api
prices,NO,1160,2518,prices__NO__1160.parquet,2026-02-20T08:37:23.636157+00:00,api
prices,NO,1162,2518,prices__NO__1162.parquet,2026-02-20T08:37:23.636157+00:00,api
prices,NO,1163,2518,prices__NO__1163.parquet,2026-02-20T08:37:23.636157+00:00,api
prices,NO,1165,2518,prices__NO__1165.parquet,2026-02-20T08:37:23.636157+00:00,api
prices,NO,1169,2517,prices__NO__1169.parquet,2026-02-20T08:37:23.636157+00:00,api
prices,NO,1170,2518,prices__NO__1170.parquet,2026-02-20T08:37:23.636157+00:00,api
prices,NO,1171,2518,prices__NO__1171.parquet,2026-02-20T08:37:23.636157+00:00,api
prices,NO,1173,2518,prices__NO__1173.parquet,2026-02-20T08:37:23.636157+00:00,api
prices,NO,1175,2519,prices__NO__1175.parquet,2026-02-20T08:37:23.636157+00:00,api
prices,NO,1176,2517,prices__NO__1176.parquet,2026-02-20T08:37:23.636157+00:00,api
prices,NO,1177,2518,prices__NO__1177.parquet,2026-02-20T08:37:23.636157+00:00,api
prices,NO,1178,2518,prices__NO__1178.parquet,2026-02-20T08:37:23.636157+00:00,api
prices,NO,1180,2518,prices__NO__1180.parquet,2026-02-20T08:37:23.636157+00:00,api
prices,NO,1181,2518,prices__NO__1181.parquet,2026-02-20T08:37:23.636157+00:00,api
prices,NO,1183,2519,prices__NO__1183.parquet,2026-02-20T08:37:23.636157+00:00,api
prices,NO,1184,2518,prices__NO__1184.parquet,2026-02-20T08:37:23.636157+00:00,api
prices,NO,1339,2453,prices__NO__1339.parquet,2026-02-20T08:37:23.636157+00:00,api
prices,NO,1343,2516,prices__NO__1343.parquet,2026-02-20T08:37:23.636157+00:00,api
prices,NO,1344,2516,prices__NO__1344.parquet,2026-02-20T08:37:23.636157+00:00,api
prices,NO,1351,2423,prices__NO__1351.parquet,2026-02-20T08:37:23.636157+00:00,api
prices,NO,1533,2225,prices__NO__1533.parquet,2026-02-20T08:37:23.636157+00:00,api
prices,NO,1536,1666,prices__NO__1536.parquet,2026-02-20T08:37:23.636157+00:00,api
prices,NO,1582,2098,prices__NO__1582.parquet,2026-02-20T08:37:23.636157+00:00,api
prices,NO,1590,2305,prices__NO__1590.parquet,2026-02-20T08:37:23.636157+00:00,api
prices,NO,1592,2184,prices__NO__1592.parquet,2026-02-20T08:37:23.636157+00:00,api
prices,NO,1593,2191,prices__NO__1593.parquet,2026-02-20T08:37:23.636157+00:00,api
prices,NO,1595,2056,prices__NO__1595.parquet,2026-02-20T08:37:23.636157+00:00,api
prices,NO,1597,2069,prices__NO__1597.parquet,2026-02-20T08:37:23.636157+00:00,api
prices,NO,1651,2510,prices__NO__1651.parquet,2026-02-20T08:37:23.636157+00:00,api
prices,NO,1652,2510,prices__NO__1652.parquet,2026-02-20T08:37:23.636157+00:00,api
prices,NO,1653,2510,prices__NO__1653.parquet,2026-02-20T08:37:23.636157+00:00,api
prices,NO,1682,1985,prices__NO__1682.parquet,2026-02-20T08:37:23.636157+00:00,api
prices,NO,1683,1987,prices__NO__1683.parquet,2026-02-20T08:37:23.636157+00:00,api
prices,NO,1684,1984,prices__NO__1684.parquet,2026-02-20T08:37:23.636157+00:00,api
prices,NO,1705,1951,prices__NO__1705.parquet,2026-02-20T08:37:23.636157+00:00,api
prices,NO,1706,1977,prices__NO__1706.parquet,2026-02-20T08:37:23.636157+00:00,api
prices,NO,1707,1919,prices__NO__1707.parquet,2026-02-20T08:37:23.636157+00:00,api
prices,NO,1731,1915,prices__NO__1731.parquet,2026-02-20T08:37:23.636157+00:00,api
prices,NO,1732,1917,prices__NO__1732.parquet,2026-02-20T08:37:23.636157+00:00,api
prices,NO,1736,1878,prices__NO__1736.parquet,2026-02-20T08:37:23.636157+00:00,api
prices,NO,1747,1854,prices__NO__1747.parquet,2026-02-20T08:37:23.636157+00:00,api
prices,NO,1767,1826,prices__NO__1767.parquet,2026-02-20T08:37:23.636157+00:00,api
prices,NO,1849,1696,prices__NO__1849.parquet,2026-02-20T08:37:23.636157+00:00,api
prices,NO,1850,1689,prices__NO__1850.parquet,2026-02-20T08:37:23.636157+00:00,api
prices,NO,1857,1681,prices__NO__1857.parquet,2026-02-20T08:37:23.636157+00:00,api
prices,NO,1858,1677,prices__NO__1858.parquet,2026-02-20T08:37:23.636157+00:00,api
prices,NO,1859,1679,prices__NO__1859.parquet,2026-02-20T08:37:23.636157+00:00,api
prices,NO,1871,1661,prices__NO__1871.parquet,2026-02-20T08:37:23.636157+00:00,api
prices,NO,1880,1591,prices__NO__1880.parquet,2026-02-20T08:37:23.636157+00:00,api
prices,NO,1885,1588,prices__NO__1885.parquet,2026-02-20T08:37:23.636157+00:00,api
prices,NO,1889,1576,prices__NO__1889.parquet,2026-02-20T08:37:23.636157+00:00,api
prices,NO,1890,1580,prices__NO__1890.parquet,2026-02-20T08:37:23.636157+00:00,api
prices,NO,1895,1557,prices__NO__1895.parquet,2026-02-20T08:37:23.636157+00:00,api
prices,NO,1927,1508,prices__NO__1927.parquet,2026-02-20T08:37:23.636157+00:00,api
prices,NO,1928,1502,prices__NO__1928.parquet,2026-02-20T08:37:23.636157+00:00,api
prices,NO,1932,1477,prices__NO__1932.parquet,2026-02-20T08:37:23.636157+00:00,api
prices,NO,1934,1463,prices__NO__1934.parquet,2026-02-20T08:37:23.636157+00:00,api
prices,NO,1937,1450,prices__NO__1937.parquet,2026-02-20T08:37:23.636157+00:00,api
prices,NO,1950,1424,prices__NO__1950.parquet,2026-02-20T08:37:23.636157+00:00,api
prices,NO,1951,1436,prices__NO__1951.parquet,2026-02-20T08:37:23.636157+00:00,api
prices,NO,1954,1415,prices__NO__1954.parquet,2026-02-20T08:37:23.636157+00:00,api
prices,NO,1955,1413,prices__NO__1955.parquet,2026-02-20T08:37:23.636157+00:00,api
prices,NO,1959,1409,prices__NO__1959.parquet,2026-02-20T08:37:23.636157+00:00,api
prices,NO,1960,1407,prices__NO__1960.parquet,2026-02-20T08:37:23.636157+00:00,api
prices,NO,1962,1408,prices__NO__1962.parquet,2026-02-20T08:37:23.636157+00:00,api
prices,NO,1965,1376,prices__NO__1965.parquet,2026-02-20T08:37:23.636157+00:00,api
prices,NO,1966,1385,prices__NO__1966.parquet,2026-02-20T08:37:23.636157+00:00,api
prices,NO,1978,1346,prices__NO__1978.parquet,2026-02-20T08:37:23.636157+00:00,api
prices,NO,1981,1353,prices__NO__1981.parquet,2026-02-20T08:37:23.636157+00:00,api
prices,NO,1985,1361,prices__NO__1985.parquet,2026-02-20T08:37:23.636157+00:00,api
prices,NO,1986,1348,prices__NO__1986.parquet,2026-02-20T08:37:23.636157+00:00,api
prices,NO,1987,1349,prices__NO__1987.parquet,2026-02-20T08:37:23.636157+00:00,api
prices,NO,2002,1341,prices__NO__2002.parquet,2026-02-20T08:37:23.636157+00:00,api
prices,NO,2003,1343,prices__NO__2003.parquet,2026-02-20T08:37:23.636157+00:00,api
prices,NO,2004,1342,prices__NO__2004.parquet,2026-02-20T08:37:23.636157+00:00,api
prices,NO,2011,1338,prices__NO__2011.parquet,2026-02-20T08:37:23.636157+00:00,api
prices,NO,2012,1336,prices__NO__2012.parquet,2026-02-20T08:37:23.636157+00:00,api
prices,NO,2015,1334,prices__NO__2015.parquet,2026-02-20T08:37:23.636157+00:00,api
prices,NO,2032,1335,prices__NO__2032.parquet,2026-02-20T08:37:23.636157+00:00,api
prices,NO,2038,1311,prices__NO__2038.parquet,2026-02-20T08:37:23.636157+00:00,api
prices,NO,2039,1312,prices__NO__2039.parquet,2026-02-20T08:37:23.636157+00:00,api
prices,NO,2041,1308,prices__NO__2041.parquet,2026-02-20T08:37:23.636157+00:00,api
prices,NO,2043,1313,prices__NO__2043.parquet,2026-02-20T08:37:23.636157+00:00,api
prices,NO,2044,1318,prices__NO__2044.parquet,2026-02-20T08:37:23.636157+00:00,api
prices,NO,2053,1300,prices__NO__2053.parquet,2026-02-20T08:37:23.636157+00:00,api
prices,NO,2054,1302,prices__NO__2054.parquet,2026-02-20T08:37:23.636157+00:00,api
prices,NO,2060,1296,prices__NO__2060.parquet,2026-02-20T08:37:23.636157+00:00,api
prices,NO,2064,1298,prices__NO__2064.parquet,2026-02-20T08:37:23.636157+00:00,api
prices,NO,2066,1275,prices__NO__2066.parquet,2026-02-20T08:37:23.636157+00:00,api
prices,NO,2070,1269,prices__NO__2070.parquet,2026-02-20T08:37:23.636157+00:00,api
prices,NO,2071,1272,prices__NO__2071.parquet,2026-02-20T08:37:23.636157+00:00,api
prices,NO,2072,1267,prices__NO__2072.parquet,2026-02-20T08:37:23.636157+00:00,api
prices,NO,2084,1255,prices__NO__2084.parquet,2026-02-20T08:37:23.636157+00:00,api
prices,NO,2085,1252,prices__NO__2085.parquet,2026-02-20T08:37:23.636157+00:00,api
prices,NO,2086,1263,prices__NO__2086.parquet,2026-02-20T08:37:23.636157+00:00,api
prices,NO,2088,1256,prices__NO__2088.parquet,2026-02-20T08:37:23.636157+00:00,api
prices,NO,2090,1246,prices__NO__2090.parquet,2026-02-20T08:37:23.636157+00:00,api
prices,NO,2091,1258,prices__NO__2091.parquet,2026-02-20T08:37:23.636157+00:00,api
prices,NO,2092,1256,prices__NO__2092.parquet,2026-02-20T08:37:23.636157+00:00,api
prices,NO,2093,1258,prices__NO__2093.parquet,2026-02-20T08:37:23.636157+00:00,api
prices,NO,2094,1250,prices__NO__2094.parquet,2026-02-20T08:37:23.636157+00:00,api
prices,NO,2095,1254,prices__NO__2095.parquet,2026-02-20T08:37:23.636157+00:00,api
prices,NO,2096,1258,prices__NO__2096.parquet,2026-02-20T08:37:23.636157+00:00,api
prices,NO,2115,1231,prices__NO__2115.parquet,2026-02-20T08:37:23.636157+00:00,api
prices,NO,2116,1233,prices__NO__2116.parquet,2026-02-20T08:37:23.636157+00:00,api
prices,NO,2126,1227,prices__NO__2126.parquet,2026-02-20T08:37:23.636157+00:00,api
prices,NO,2139,1218,prices__NO__2139.parquet,2026-02-20T08:37:23.636157+00:00,api
prices,NO,2160,1221,prices__NO__2160.parquet,2026-02-20T08:37:23.636157+00:00,api
prices,NO,2162,1216,prices__NO__2162.parquet,2026-02-20T08:37:23.636157+00:00,api
prices,NO,2163,1219,prices__NO__2163.parquet,2026-02-20T08:37:23.636157+00:00,api
prices,NO,2164,1211,prices__NO__2164.parquet,2026-02-20T08:37:23.636157+00:00,api
prices,NO,2167,1238,prices__NO__2167.parquet,2026-02-20T08:37:23.636157+00:00,api
prices,NO,2170,1247,prices__NO__2170.parquet,2026-02-20T08:37:23.636157+00:00,api
prices,NO,2171,1197,prices__NO__2171.parquet,2026-02-20T08:37:23.636157+00:00,api
prices,NO,2172,1190,prices__NO__2172.parquet,2026-02-20T08:37:23.636157+00:00,api
prices,NO,2179,1186,prices__NO__2179.parquet,2026-02-20T08:37:23.636157+00:00,api
prices,NO,2180,1186,prices__NO__2180.parquet,2026-02-20T08:37:23.636157+00:00,api
prices,NO,2191,1179,prices__NO__2191.parquet,2026-02-20T08:37:23.636157+00:00,api
prices,NO,2203,1174,prices__NO__2203.parquet,2026-02-20T08:37:23.636157+00:00,api
prices,NO,2216,1176,prices__NO__2216.parquet,2026-02-20T08:37:23.636157+00:00,api
prices,NO,2217,1176,prices__NO__2217.parquet,2026-02-20T08:37:23.636157+00:00,api
prices,NO,2224,1171,prices__NO__2224.parquet,2026-02-20T08:37:23.636157+00:00,api
prices,NO,2236,1164,prices__NO__2236.parquet,2026-02-20T08:37:23.636157+00:00,api
prices,NO,2243,1158,prices__NO__2243.parquet,2026-02-20T08:37:23.636157+00:00,api
prices,NO,2264,1136,prices__NO__2264.parquet,2026-02-20T08:37:23.636157+00:00,api
prices,NO,2266,1143,prices__NO__2266.parquet,2026-02-20T08:37:23.636157+00:00,api
prices,NO,2267,1137,prices__NO__2267.parquet,2026-02-20T08:37:23.636157+00:00,api
prices,NO,2270,1110,prices__NO__2270.parquet,2026-02-20T08:37:23.636157+00:00,api
prices,NO,2271,1100,prices__NO__2271.parquet,2026-02-20T08:37:23.636157+00:00,api
prices,NO,2272,1101,prices__NO__2272.parquet,2026-02-20T08:37:23.636157+00:00,api
prices,NO,2285,1087,prices__NO__2285.parquet,2026-02-20T08:37:23.636157+00:00,api
prices,NO,2344,1059,prices__NO__2344.parquet,2026-02-20T08:37:23.636157+00:00,api
prices,NO,2349,1048,prices__NO__2349.parquet,2026-02-20T08:37:23.636157+00:00,api
prices,NO,2353,1045,prices__NO__2353.parquet,2026-02-20T08:37:23.636157+00:00,api
prices,NO,2355,1043,prices__NO__2355.parquet,2026-02-20T08:37:23.636157+00:00,api
prices,NO,2367,1004,prices__NO__2367.parquet,2026-02-20T08:37:23.636157+00:00,api
prices,NO,2374,990,prices__NO__2374.parquet,2026-02-20T08:37:23.636157+00:00,api
prices,NO,2384,975,prices__NO__2384.parquet,2026-02-20T08:37:23.636157+00:00,api
prices,NO,2406,922,prices__NO__2406.parquet,2026-02-20T08:37:23.636157+00:00,api
prices,NO,2407,911,prices__NO__2407.parquet,2026-02-20T08:37:23.636157+00:00,api
prices,NO,2421,2506,prices__NO__2421.parquet,2026-02-20T08:37:23.636157+00:00,api
prices,NO,2422,2506,prices__NO__2422.parquet,2026-02-20T08:37:23.636157+00:00,api
prices,NO,2423,2505,prices__NO__2423.parquet,2026-02-20T08:37:23.636157+00:00,api
prices,NO,2424,2504,prices__NO__2424.parquet,2026-02-20T08:37:23.636157+00:00,api
prices,NO,2427,2504,prices__NO__2427.parquet,2026-02-20T08:37:23.636157+00:00,api
prices,NO,2428,2505,prices__NO__2428.parquet,2026-02-20T08:37:23.636157+00:00,api
prices,NO,2429,2504,prices__NO__2429.parquet,2026-02-20T08:37:23.636157+00:00,api
prices,NO,2430,2505,prices__NO__2430.parquet,2026-02-20T08:37:23.636157+00:00,api
prices,NO,2431,2505,prices__NO__2431.parquet,2026-02-20T08:37:23.636157+00:00,api
prices,NO,2432,2505,prices__NO__2432.parquet,2026-02-20T08:37:23.636157+00:00,api
prices,NO,2433,2505,prices__NO__2433.parquet,2026-02-20T08:37:23.636157+00:00,api
prices,NO,2434,2506,prices__NO__2434.parquet,2026-02-20T08:37:23.636157+00:00,api
prices,NO,2435,2505,prices__NO__2435.parquet,2026-02-20T08:37:23.636157+00:00,api
prices,NO,2436,2506,prices__NO__2436.parquet,2026-02-20T08:37:23.636157+00:00,api
prices,NO,2437,2505,prices__NO__2437.parquet,2026-02-20T08:37:23.636157+00:00,api
prices,NO,2438,2178,prices__NO__2438.parquet,2026-02-20T08:37:23.636157+00:00,api
prices,NO,2439,2101,prices__NO__2439.parquet,2026-02-20T08:37:23.636157+00:00,api
prices,NO,2442,844,prices__NO__2442.parquet,2026-02-20T08:37:23.636157+00:00,api
prices,NO,2480,856,prices__NO__2480.parquet,2026-02-20T08:37:23.636157+00:00,api
prices,NO,2493,795,prices__NO__2493.parquet,2026-02-20T08:37:23.636157+00:00,api
prices,NO,2494,796,prices__NO__2494.parquet,2026-02-20T08:37:23.636157+00:00,api
prices,NO,2508,694,prices__NO__2508.parquet,2026-02-20T08:37:23.636157+00:00,api
prices,NO,2509,702,prices__NO__2509.parquet,2026-02-20T08:37:23.636157+00:00,api
prices,NO,2511,667,prices__NO__2511.parquet,2026-02-20T08:37:23.636157+00:00,api
prices,NO,2515,596,prices__NO__2515.parquet,2026-02-20T08:37:23.636157+00:00,api
prices,NO,2518,566,prices__NO__2518.parquet,2026-02-20T08:37:23.636157+00:00,api
prices,NO,2527,451,prices__NO__2527.parquet,2026-02-20T08:37:23.636157+00:00,api
prices,NO,2530,437,prices__NO__2530.parquet,2026-02-20T08:37:23.636157+00:00,api
prices,NO,2531,428,prices__NO__2531.parquet,2026-02-20T08:37:23.636157+00:00,api
prices,NO,2535,423,prices__NO__2535.parquet,2026-02-20T08:37:23.636157+00:00,api
prices,NO,2538,419,prices__NO__2538.parquet,2026-02-20T08:37:23.636157+00:00,api
prices,NO,2540,409,prices__NO__2540.parquet,2026-02-20T08:37:23.636157+00:00,api
prices,NO,2543,406,prices__NO__2543.parquet,2026-02-20T08:37:23.636157+00:00,api
prices,NO,2549,358,prices__NO__2549.parquet,2026-02-20T08:37:23.636157+00:00,api
prices,NO,2562,289,prices__NO__2562.parquet,2026-02-20T08:37:23.636157+00:00,api
prices,NO,2563,287,prices__NO__2563.parquet,2026-02-20T08:37:23.636157+00:00,api
prices,NO,2565,302,prices__NO__2565.parquet,2026-02-20T08:37:23.636157+00:00,api
prices,NO,2566,322,prices__NO__2566.parquet,2026-02-20T08:37:23.636157+00:00,api
prices,NO,2578,235,prices__NO__2578.parquet,2026-02-20T08:37:23.636157+00:00,api
prices,NO,2583,172,prices__NO__2583.parquet,2026-02-20T08:37:23.636157+00:00,api
prices,NO,2584,190,prices__NO__2584.parquet,2026-02-20T08:37:23.636157+00:00,api
prices,NO,2587,158,prices__NO__2587.parquet,2026-02-20T08:37:23.636157+00:00,api
prices,NO,2594,96,prices__NO__2594.parquet,2026-02-20T08:37:23.636157+00:00,api
prices,NO,2597,95,prices__NO__2597.parquet,2026-02-20T08:37:23.636157+00:00,api
prices,NO,2600,124,prices__NO__2600.parquet,2026-02-20T08:37:23.636157+00:00,api
prices,NO,2605,68,prices__NO__2605.parquet,2026-02-20T08:37:23.636157+00:00,api
